{
  "1": [
    -0.05012562893380057,
    -19.9498743710662
  ]
}{
  "1": [
    -0.05012562893380057,
    -19.9498743710662
  ]
}{
  "1": [
    -0.05051025721682212,
    -79.19183588453085
  ]
}